﻿<?xml version="1.0" encoding="utf-8"?>
<abapGit version="v1.0.0" serializer="LCL_OBJECT_TABL" serializer_version="v1.0.0">
 <asx:abap xmlns:asx="http://www.sap.com/abapxml" version="1.0">
  <asx:values>
   <DD02V>
    <TABNAME>ZBD070_TYPD_CUST</TABNAME>
    <DDLANGUAGE>D</DDLANGUAGE>
    <TABCLASS>INTTAB</TABCLASS>
    <DDTEXT>Kunde für Warteliste</DDTEXT>
    <EXCLASS>2</EXCLASS>
   </DD02V>
   <DD03P_TABLE>
    <DD03P>
     <TABNAME>ZBD070_TYPD_CUST</TABNAME>
     <FIELDNAME>ID</FIELDNAME>
     <POSITION>0001</POSITION>
     <ROLLNAME>S_CUSTOMER</ROLLNAME>
     <ADMINFIELD>0</ADMINFIELD>
     <COMPTYPE>E</COMPTYPE>
    </DD03P>
    <DD03P>
     <TABNAME>ZBD070_TYPD_CUST</TABNAME>
     <FIELDNAME>NAME</FIELDNAME>
     <POSITION>0002</POSITION>
     <ROLLNAME>S_CUSTNAME</ROLLNAME>
     <ADMINFIELD>0</ADMINFIELD>
     <COMPTYPE>E</COMPTYPE>
    </DD03P>
    <DD03P>
     <TABNAME>ZBD070_TYPD_CUST</TABNAME>
     <FIELDNAME>STREET</FIELDNAME>
     <POSITION>0003</POSITION>
     <ROLLNAME>S_STREET</ROLLNAME>
     <ADMINFIELD>0</ADMINFIELD>
     <COMPTYPE>E</COMPTYPE>
    </DD03P>
    <DD03P>
     <TABNAME>ZBD070_TYPD_CUST</TABNAME>
     <FIELDNAME>CITY</FIELDNAME>
     <POSITION>0004</POSITION>
     <ROLLNAME>CITY</ROLLNAME>
     <ADMINFIELD>0</ADMINFIELD>
     <COMPTYPE>E</COMPTYPE>
    </DD03P>
    <DD03P>
     <TABNAME>ZBD070_TYPD_CUST</TABNAME>
     <FIELDNAME>APP_DATE</FIELDNAME>
     <DDLANGUAGE>D</DDLANGUAGE>
     <POSITION>0005</POSITION>
     <ADMINFIELD>0</ADMINFIELD>
     <INTTYPE>D</INTTYPE>
     <INTLEN>000016</INTLEN>
     <DATATYPE>DATS</DATATYPE>
     <LENG>000008</LENG>
     <MASK>  DATS</MASK>
     <DDTEXT>Aufnahmedatum</DDTEXT>
     <SHLPORIGIN>T</SHLPORIGIN>
    </DD03P>
   </DD03P_TABLE>
   <LONGTEXTS>
    <item>
     <DOKIL>
      <ID>TB</ID>
      <OBJECT>ZBD070_TYPD_CUST</OBJECT>
      <LANGU>D</LANGU>
      <TYP>E</TYP>
      <VERSION>0004</VERSION>
      <MASTERLANG>X</MASTERLANG>
      <TXTLINES>00002</TXTLINES>
      <DOKSTATE>A</DOKSTATE>
     </DOKIL>
     <HEAD>
      <TDOBJECT>DOKU</TDOBJECT>
      <TDNAME>ZBD070_TYPD_CUST</TDNAME>
      <TDID>TB</TDID>
      <TDSPRAS>D</TDSPRAS>
      <TDFORM>S_DOCU_SHOW</TDFORM>
      <TDSTYLE>S_DOCUS1</TDSTYLE>
      <TDVERSION>00004</TDVERSION>
      <TDLINESIZE>072</TDLINESIZE>
     </HEAD>
     <LINES>
      <TLINE>
       <TDFORMAT>U1</TDFORMAT>
       <TDLINE>&amp;USE&amp;</TDLINE>
      </TLINE>
      <TLINE>
       <TDFORMAT>AS</TDFORMAT>
       <TDLINE>Enthält eine Kundennummer und Zusatzdaten für eine Warteliste.</TDLINE>
      </TLINE>
      <TLINE>
       <TDFORMAT>U1</TDFORMAT>
       <TDLINE>&amp;MAINTENANCE&amp;</TDLINE>
      </TLINE>
      <TLINE>
       <TDFORMAT>AS</TDFORMAT>
       <TDLINE>BC402 - Kapitel &quot;Funktionsbausteine&quot; (Anwendungsbeispiel)</TDLINE>
      </TLINE>
     </LINES>
    </item>
   </LONGTEXTS>
  </asx:values>
 </asx:abap>
</abapGit>
