﻿<?xml version="1.0" encoding="utf-8"?>
<abapGit version="v1.0.0" serializer="LCL_OBJECT_CLAS" serializer_version="v1.0.0">
 <asx:abap xmlns:asx="http://www.sap.com/abapxml" version="1.0">
  <asx:values>
   <VSEOCLASS>
    <CLSNAME>ZCL_HOTEL</CLSNAME>
    <VERSION>1</VERSION>
    <LANGU>D</LANGU>
    <DESCRIPT>Hotel</DESCRIPT>
    <EXPOSURE>2</EXPOSURE>
    <STATE>1</STATE>
    <CLSFINAL>X</CLSFINAL>
    <CLSCCINCL>X</CLSCCINCL>
    <FIXPT>X</FIXPT>
    <UNICODE>X</UNICODE>
   </VSEOCLASS>
   <DESCRIPTIONS>
    <SEOCOMPOTX>
     <CLSNAME>ZCL_HOTEL</CLSNAME>
     <CMPNAME>CONSTRUCTOR</CMPNAME>
     <LANGU>D</LANGU>
     <DESCRIPT>CONSTRUCTOR</DESCRIPT>
    </SEOCOMPOTX>
    <SEOCOMPOTX>
     <CLSNAME>ZCL_HOTEL</CLSNAME>
     <CMPNAME>C_POS_1</CMPNAME>
     <LANGU>D</LANGU>
     <DESCRIPT>Ausgabespalte</DESCRIPT>
    </SEOCOMPOTX>
    <SEOCOMPOTX>
     <CLSNAME>ZCL_HOTEL</CLSNAME>
     <CMPNAME>DISPLAY_ATTRIBUTES</CMPNAME>
     <LANGU>D</LANGU>
     <DESCRIPT>Attribute ausgeben</DESCRIPT>
    </SEOCOMPOTX>
    <SEOCOMPOTX>
     <CLSNAME>ZCL_HOTEL</CLSNAME>
     <CMPNAME>DISPLAY_N_O_HOTELS</CMPNAME>
     <LANGU>D</LANGU>
     <DESCRIPT>Anzahl Hotelobjekte ausgeben</DESCRIPT>
    </SEOCOMPOTX>
    <SEOCOMPOTX>
     <CLSNAME>ZCL_HOTEL</CLSNAME>
     <CMPNAME>GV_N_O_HOTELS</CMPNAME>
     <LANGU>D</LANGU>
     <DESCRIPT>Anzahl Hotelobjekte</DESCRIPT>
    </SEOCOMPOTX>
    <SEOCOMPOTX>
     <CLSNAME>ZCL_HOTEL</CLSNAME>
     <CMPNAME>MV_BEDS</CMPNAME>
     <LANGU>D</LANGU>
     <DESCRIPT>Anzahl Betten</DESCRIPT>
    </SEOCOMPOTX>
    <SEOCOMPOTX>
     <CLSNAME>ZCL_HOTEL</CLSNAME>
     <CMPNAME>MV_NAME</CMPNAME>
     <LANGU>D</LANGU>
     <DESCRIPT>Hotelname</DESCRIPT>
    </SEOCOMPOTX>
   </DESCRIPTIONS>
  </asx:values>
 </asx:abap>
</abapGit>
