﻿<?xml version="1.0" encoding="utf-8"?>
<abapGit version="v1.0.0" serializer="LCL_OBJECT_CLAS" serializer_version="v1.0.0">
 <asx:abap xmlns:asx="http://www.sap.com/abapxml" version="1.0">
  <asx:values>
   <VSEOCLASS>
    <CLSNAME>ZCL_BD070_SAPLANE</CLSNAME>
    <VERSION>1</VERSION>
    <LANGU>D</LANGU>
    <DESCRIPT>Persistenzklasse zu SAPLANE</DESCRIPT>
    <CATEGORY>10</CATEGORY>
    <EXPOSURE>1</EXPOSURE>
    <STATE>1</STATE>
    <CLSFINAL>X</CLSFINAL>
    <CLSCCINCL>X</CLSCCINCL>
    <FIXPT>X</FIXPT>
    <UNICODE>X</UNICODE>
   </VSEOCLASS>
   <DESCRIPTIONS>
    <SEOCOMPOTX>
     <CLSNAME>ZCL_BD070_SAPLANE</CLSNAME>
     <CMPNAME>CAP_UNIT</CMPNAME>
     <LANGU>D</LANGU>
     <DESCRIPT>Maß für WB Trainingsdatenmodell BC_Travel</DESCRIPT>
    </SEOCOMPOTX>
    <SEOCOMPOTX>
     <CLSNAME>ZCL_BD070_SAPLANE</CLSNAME>
     <CMPNAME>CONSUM</CMPNAME>
     <LANGU>D</LANGU>
     <DESCRIPT>Durchschnittlicher Verbrauch</DESCRIPT>
    </SEOCOMPOTX>
    <SEOCOMPOTX>
     <CLSNAME>ZCL_BD070_SAPLANE</CLSNAME>
     <CMPNAME>CON_UNIT</CMPNAME>
     <LANGU>D</LANGU>
     <DESCRIPT>Einheit Treibstoffverbrauch</DESCRIPT>
    </SEOCOMPOTX>
    <SEOCOMPOTX>
     <CLSNAME>ZCL_BD070_SAPLANE</CLSNAME>
     <CMPNAME>GET_CAP_UNIT</CMPNAME>
     <LANGU>D</LANGU>
     <DESCRIPT>Liest das Attribut CAP_UNIT</DESCRIPT>
    </SEOCOMPOTX>
    <SEOCOMPOTX>
     <CLSNAME>ZCL_BD070_SAPLANE</CLSNAME>
     <CMPNAME>GET_CONSUM</CMPNAME>
     <LANGU>D</LANGU>
     <DESCRIPT>Liest das Attribut CONSUM</DESCRIPT>
    </SEOCOMPOTX>
    <SEOCOMPOTX>
     <CLSNAME>ZCL_BD070_SAPLANE</CLSNAME>
     <CMPNAME>GET_CON_UNIT</CMPNAME>
     <LANGU>D</LANGU>
     <DESCRIPT>Liest das Attribut CON_UNIT</DESCRIPT>
    </SEOCOMPOTX>
    <SEOCOMPOTX>
     <CLSNAME>ZCL_BD070_SAPLANE</CLSNAME>
     <CMPNAME>GET_LENG</CMPNAME>
     <LANGU>D</LANGU>
     <DESCRIPT>Liest das Attribut LENG</DESCRIPT>
    </SEOCOMPOTX>
    <SEOCOMPOTX>
     <CLSNAME>ZCL_BD070_SAPLANE</CLSNAME>
     <CMPNAME>GET_LENG_UNIT</CMPNAME>
     <LANGU>D</LANGU>
     <DESCRIPT>Liest das Attribut LENG_UNIT</DESCRIPT>
    </SEOCOMPOTX>
    <SEOCOMPOTX>
     <CLSNAME>ZCL_BD070_SAPLANE</CLSNAME>
     <CMPNAME>GET_OP_SPEED</CMPNAME>
     <LANGU>D</LANGU>
     <DESCRIPT>Liest das Attribut OP_SPEED</DESCRIPT>
    </SEOCOMPOTX>
    <SEOCOMPOTX>
     <CLSNAME>ZCL_BD070_SAPLANE</CLSNAME>
     <CMPNAME>GET_PLANETYPE</CMPNAME>
     <LANGU>D</LANGU>
     <DESCRIPT>Liest das Attribut PLANETYPE</DESCRIPT>
    </SEOCOMPOTX>
    <SEOCOMPOTX>
     <CLSNAME>ZCL_BD070_SAPLANE</CLSNAME>
     <CMPNAME>GET_PRODUCER</CMPNAME>
     <LANGU>D</LANGU>
     <DESCRIPT>Liest das Attribut PRODUCER</DESCRIPT>
    </SEOCOMPOTX>
    <SEOCOMPOTX>
     <CLSNAME>ZCL_BD070_SAPLANE</CLSNAME>
     <CMPNAME>GET_SEATSMAX</CMPNAME>
     <LANGU>D</LANGU>
     <DESCRIPT>Liest das Attribut SEATSMAX</DESCRIPT>
    </SEOCOMPOTX>
    <SEOCOMPOTX>
     <CLSNAME>ZCL_BD070_SAPLANE</CLSNAME>
     <CMPNAME>GET_SEATSMAX_B</CMPNAME>
     <LANGU>D</LANGU>
     <DESCRIPT>Liest das Attribut SEATSMAX_B</DESCRIPT>
    </SEOCOMPOTX>
    <SEOCOMPOTX>
     <CLSNAME>ZCL_BD070_SAPLANE</CLSNAME>
     <CMPNAME>GET_SEATSMAX_F</CMPNAME>
     <LANGU>D</LANGU>
     <DESCRIPT>Liest das Attribut SEATSMAX_F</DESCRIPT>
    </SEOCOMPOTX>
    <SEOCOMPOTX>
     <CLSNAME>ZCL_BD070_SAPLANE</CLSNAME>
     <CMPNAME>GET_SPAN</CMPNAME>
     <LANGU>D</LANGU>
     <DESCRIPT>Liest das Attribut SPAN</DESCRIPT>
    </SEOCOMPOTX>
    <SEOCOMPOTX>
     <CLSNAME>ZCL_BD070_SAPLANE</CLSNAME>
     <CMPNAME>GET_SPAN_UNIT</CMPNAME>
     <LANGU>D</LANGU>
     <DESCRIPT>Liest das Attribut SPAN_UNIT</DESCRIPT>
    </SEOCOMPOTX>
    <SEOCOMPOTX>
     <CLSNAME>ZCL_BD070_SAPLANE</CLSNAME>
     <CMPNAME>GET_SPEED_UNIT</CMPNAME>
     <LANGU>D</LANGU>
     <DESCRIPT>Liest das Attribut SPEED_UNIT</DESCRIPT>
    </SEOCOMPOTX>
    <SEOCOMPOTX>
     <CLSNAME>ZCL_BD070_SAPLANE</CLSNAME>
     <CMPNAME>GET_TANKCAP</CMPNAME>
     <LANGU>D</LANGU>
     <DESCRIPT>Liest das Attribut TANKCAP</DESCRIPT>
    </SEOCOMPOTX>
    <SEOCOMPOTX>
     <CLSNAME>ZCL_BD070_SAPLANE</CLSNAME>
     <CMPNAME>GET_WEIGHT</CMPNAME>
     <LANGU>D</LANGU>
     <DESCRIPT>Liest das Attribut WEIGHT</DESCRIPT>
    </SEOCOMPOTX>
    <SEOCOMPOTX>
     <CLSNAME>ZCL_BD070_SAPLANE</CLSNAME>
     <CMPNAME>GET_WEI_UNIT</CMPNAME>
     <LANGU>D</LANGU>
     <DESCRIPT>Liest das Attribut WEI_UNIT</DESCRIPT>
    </SEOCOMPOTX>
    <SEOCOMPOTX>
     <CLSNAME>ZCL_BD070_SAPLANE</CLSNAME>
     <CMPNAME>LENG</CMPNAME>
     <LANGU>D</LANGU>
     <DESCRIPT>Länge des Flugzeuges</DESCRIPT>
    </SEOCOMPOTX>
    <SEOCOMPOTX>
     <CLSNAME>ZCL_BD070_SAPLANE</CLSNAME>
     <CMPNAME>LENG_UNIT</CMPNAME>
     <LANGU>D</LANGU>
     <DESCRIPT>Maßeinheit für WB Trainingsdatenmodell BC_Travel</DESCRIPT>
    </SEOCOMPOTX>
    <SEOCOMPOTX>
     <CLSNAME>ZCL_BD070_SAPLANE</CLSNAME>
     <CMPNAME>OP_SPEED</CMPNAME>
     <LANGU>D</LANGU>
     <DESCRIPT>Reisegeschwindigkeit</DESCRIPT>
    </SEOCOMPOTX>
    <SEOCOMPOTX>
     <CLSNAME>ZCL_BD070_SAPLANE</CLSNAME>
     <CMPNAME>PLANETYPE</CMPNAME>
     <LANGU>D</LANGU>
     <DESCRIPT>Flugzeugtyp</DESCRIPT>
    </SEOCOMPOTX>
    <SEOCOMPOTX>
     <CLSNAME>ZCL_BD070_SAPLANE</CLSNAME>
     <CMPNAME>PRODUCER</CMPNAME>
     <LANGU>D</LANGU>
     <DESCRIPT>Flugzeughersteller</DESCRIPT>
    </SEOCOMPOTX>
    <SEOCOMPOTX>
     <CLSNAME>ZCL_BD070_SAPLANE</CLSNAME>
     <CMPNAME>SEATSMAX</CMPNAME>
     <LANGU>D</LANGU>
     <DESCRIPT>Maximale Belegung Economy Class</DESCRIPT>
    </SEOCOMPOTX>
    <SEOCOMPOTX>
     <CLSNAME>ZCL_BD070_SAPLANE</CLSNAME>
     <CMPNAME>SEATSMAX_B</CMPNAME>
     <LANGU>D</LANGU>
     <DESCRIPT>Maximale Belegung Business Class</DESCRIPT>
    </SEOCOMPOTX>
    <SEOCOMPOTX>
     <CLSNAME>ZCL_BD070_SAPLANE</CLSNAME>
     <CMPNAME>SEATSMAX_F</CMPNAME>
     <LANGU>D</LANGU>
     <DESCRIPT>Maximale Belegung First Class</DESCRIPT>
    </SEOCOMPOTX>
    <SEOCOMPOTX>
     <CLSNAME>ZCL_BD070_SAPLANE</CLSNAME>
     <CMPNAME>SET_CAP_UNIT</CMPNAME>
     <LANGU>D</LANGU>
     <DESCRIPT>Setzt das Attribut CAP_UNIT</DESCRIPT>
    </SEOCOMPOTX>
    <SEOCOMPOTX>
     <CLSNAME>ZCL_BD070_SAPLANE</CLSNAME>
     <CMPNAME>SET_CONSUM</CMPNAME>
     <LANGU>D</LANGU>
     <DESCRIPT>Setzt das Attribut CONSUM</DESCRIPT>
    </SEOCOMPOTX>
    <SEOCOMPOTX>
     <CLSNAME>ZCL_BD070_SAPLANE</CLSNAME>
     <CMPNAME>SET_CON_UNIT</CMPNAME>
     <LANGU>D</LANGU>
     <DESCRIPT>Setzt das Attribut CON_UNIT</DESCRIPT>
    </SEOCOMPOTX>
    <SEOCOMPOTX>
     <CLSNAME>ZCL_BD070_SAPLANE</CLSNAME>
     <CMPNAME>SET_LENG</CMPNAME>
     <LANGU>D</LANGU>
     <DESCRIPT>Setzt das Attribut LENG</DESCRIPT>
    </SEOCOMPOTX>
    <SEOCOMPOTX>
     <CLSNAME>ZCL_BD070_SAPLANE</CLSNAME>
     <CMPNAME>SET_LENG_UNIT</CMPNAME>
     <LANGU>D</LANGU>
     <DESCRIPT>Setzt das Attribut LENG_UNIT</DESCRIPT>
    </SEOCOMPOTX>
    <SEOCOMPOTX>
     <CLSNAME>ZCL_BD070_SAPLANE</CLSNAME>
     <CMPNAME>SET_OP_SPEED</CMPNAME>
     <LANGU>D</LANGU>
     <DESCRIPT>Setzt das Attribut OP_SPEED</DESCRIPT>
    </SEOCOMPOTX>
    <SEOCOMPOTX>
     <CLSNAME>ZCL_BD070_SAPLANE</CLSNAME>
     <CMPNAME>SET_PRODUCER</CMPNAME>
     <LANGU>D</LANGU>
     <DESCRIPT>Setzt das Attribut PRODUCER</DESCRIPT>
    </SEOCOMPOTX>
    <SEOCOMPOTX>
     <CLSNAME>ZCL_BD070_SAPLANE</CLSNAME>
     <CMPNAME>SET_SEATSMAX</CMPNAME>
     <LANGU>D</LANGU>
     <DESCRIPT>Setzt das Attribut SEATSMAX</DESCRIPT>
    </SEOCOMPOTX>
    <SEOCOMPOTX>
     <CLSNAME>ZCL_BD070_SAPLANE</CLSNAME>
     <CMPNAME>SET_SEATSMAX_B</CMPNAME>
     <LANGU>D</LANGU>
     <DESCRIPT>Setzt das Attribut SEATSMAX_B</DESCRIPT>
    </SEOCOMPOTX>
    <SEOCOMPOTX>
     <CLSNAME>ZCL_BD070_SAPLANE</CLSNAME>
     <CMPNAME>SET_SEATSMAX_F</CMPNAME>
     <LANGU>D</LANGU>
     <DESCRIPT>Setzt das Attribut SEATSMAX_F</DESCRIPT>
    </SEOCOMPOTX>
    <SEOCOMPOTX>
     <CLSNAME>ZCL_BD070_SAPLANE</CLSNAME>
     <CMPNAME>SET_SPAN</CMPNAME>
     <LANGU>D</LANGU>
     <DESCRIPT>Setzt das Attribut SPAN</DESCRIPT>
    </SEOCOMPOTX>
    <SEOCOMPOTX>
     <CLSNAME>ZCL_BD070_SAPLANE</CLSNAME>
     <CMPNAME>SET_SPAN_UNIT</CMPNAME>
     <LANGU>D</LANGU>
     <DESCRIPT>Setzt das Attribut SPAN_UNIT</DESCRIPT>
    </SEOCOMPOTX>
    <SEOCOMPOTX>
     <CLSNAME>ZCL_BD070_SAPLANE</CLSNAME>
     <CMPNAME>SET_SPEED_UNIT</CMPNAME>
     <LANGU>D</LANGU>
     <DESCRIPT>Setzt das Attribut SPEED_UNIT</DESCRIPT>
    </SEOCOMPOTX>
    <SEOCOMPOTX>
     <CLSNAME>ZCL_BD070_SAPLANE</CLSNAME>
     <CMPNAME>SET_TANKCAP</CMPNAME>
     <LANGU>D</LANGU>
     <DESCRIPT>Setzt das Attribut TANKCAP</DESCRIPT>
    </SEOCOMPOTX>
    <SEOCOMPOTX>
     <CLSNAME>ZCL_BD070_SAPLANE</CLSNAME>
     <CMPNAME>SET_WEIGHT</CMPNAME>
     <LANGU>D</LANGU>
     <DESCRIPT>Setzt das Attribut WEIGHT</DESCRIPT>
    </SEOCOMPOTX>
    <SEOCOMPOTX>
     <CLSNAME>ZCL_BD070_SAPLANE</CLSNAME>
     <CMPNAME>SET_WEI_UNIT</CMPNAME>
     <LANGU>D</LANGU>
     <DESCRIPT>Setzt das Attribut WEI_UNIT</DESCRIPT>
    </SEOCOMPOTX>
    <SEOCOMPOTX>
     <CLSNAME>ZCL_BD070_SAPLANE</CLSNAME>
     <CMPNAME>SPAN</CMPNAME>
     <LANGU>D</LANGU>
     <DESCRIPT>Spannweite</DESCRIPT>
    </SEOCOMPOTX>
    <SEOCOMPOTX>
     <CLSNAME>ZCL_BD070_SAPLANE</CLSNAME>
     <CMPNAME>SPAN_UNIT</CMPNAME>
     <LANGU>D</LANGU>
     <DESCRIPT>Maßeinheit für WB Trainingsdatenmodell BC_Travel</DESCRIPT>
    </SEOCOMPOTX>
    <SEOCOMPOTX>
     <CLSNAME>ZCL_BD070_SAPLANE</CLSNAME>
     <CMPNAME>SPEED_UNIT</CMPNAME>
     <LANGU>D</LANGU>
     <DESCRIPT>Maßeinheit für WB Trainingsdatenmodell BC_Travel</DESCRIPT>
    </SEOCOMPOTX>
    <SEOCOMPOTX>
     <CLSNAME>ZCL_BD070_SAPLANE</CLSNAME>
     <CMPNAME>TANKCAP</CMPNAME>
     <LANGU>D</LANGU>
     <DESCRIPT>Maximale Treibstoffmenge</DESCRIPT>
    </SEOCOMPOTX>
    <SEOCOMPOTX>
     <CLSNAME>ZCL_BD070_SAPLANE</CLSNAME>
     <CMPNAME>WEIGHT</CMPNAME>
     <LANGU>D</LANGU>
     <DESCRIPT>Gewicht des Flugzeugs</DESCRIPT>
    </SEOCOMPOTX>
    <SEOCOMPOTX>
     <CLSNAME>ZCL_BD070_SAPLANE</CLSNAME>
     <CMPNAME>WEI_UNIT</CMPNAME>
     <LANGU>D</LANGU>
     <DESCRIPT>Maßeinheit Gewicht</DESCRIPT>
    </SEOCOMPOTX>
   </DESCRIPTIONS>
  </asx:values>
 </asx:abap>
</abapGit>
